title,company,location,link
데이터 분석가/사이언티스트(신입/인턴 가능),쏘카,대한민국,https://kr.indeed.com/viewjob?jk=55584c627df1acaa
2021년 2월 경력사원 (Battery연구소),LG에너지솔루션,대전 유성구,https://kr.indeed.com/viewjob?jk=31c20e6695f301ee
"빅데이터, 인공지능(AI) 외 신입/경력 인턴",스칼라웍스,대한민국,https://kr.indeed.com/viewjob?jk=dfb20fa220f3c478
Field Service Engineer,Nearfield Instruments,대한민국,https://kr.indeed.com/viewjob?jk=89f3e10d77a126bf
Data Scientist/Data Engineering 경력사원 공고,LG전자,서울특별시,https://kr.indeed.com/viewjob?jk=8fd83c6a728843c0
AI 분야 박사 신입/경력,LG CNS,서울특별시,https://kr.indeed.com/viewjob?jk=c8bf4fa58999927f
Data Scientist (KOREA),No Deviation Pte Ltd,충청북도 청주,https://kr.indeed.com/viewjob?jk=0d207415a075d21c
프랭클린템플턴투신운용 Junior Trader (Quant base 필수),프랭클린템플턴투신,대한민국,https://kr.indeed.com/viewjob?jk=4adac8923476d038
블록체인 센터 백엔드 개발자 (경력),네오위즈,대한민국,https://kr.indeed.com/viewjob?jk=dfe4f3638b0d10d2
[EY컨설팅] 컨설팅본부 TC Digital 팀 인턴 모집,Ernst & Young,대한민국,https://kr.indeed.com/viewjob?jk=3b9924be7b4b6c77
"Engr, Tech Supp 3",KLA-Tencor,대한민국,https://kr.indeed.com/viewjob?jk=233bbfd9781e846d
2021 토스 전 계열사 대규모,비바리퍼블리카,서울 강남구,https://kr.indeed.com/viewjob?jk=39e99c8ed1d40a8f
[타다]데이터 분석가/사이언티스트,쏘카,대한민국,https://kr.indeed.com/viewjob?jk=3330430ae94277db
(주)푸드머스 고객 데이터분석/기획 경력채용,풀무원,서울특별시,https://kr.indeed.com/viewjob?jk=2adee76aff2a0781
2021년도 국토안전관리원 제기간제 근로자변경,국토안전관리원,경기도,https://kr.indeed.com/viewjob?jk=b69f6c139efeb09d
Field Application Engineer,Nearfield Instruments,대한민국,https://kr.indeed.com/viewjob?jk=6aebabcddef7f514
[TmaxBI/기술] 빅데이터 플랫폼 QA,티맥스소프트,성남 분당구,https://kr.indeed.com/viewjob?jk=2bafb73f26c69508
2021년 IITP 주관 글로벌핵심인재양성 지원사업,정보통신기획평가원,대전 유성구,https://kr.indeed.com/viewjob?jk=efb69a29d8bd7514
와이에스지(스타트업)에서 웹 개발자,와이에스지,대한민국,https://kr.indeed.com/viewjob?jk=7747cb66f47189c1
Operation Buyer(Contractor),Edwards Korea Ltd,충청남도 천안,https://kr.indeed.com/viewjob?jk=5fe7667a0deebbba
"Engr, Apps Dev 2",KLA-Tencor,대한민국,https://kr.indeed.com/viewjob?jk=ab38178e6071aa0f
데이터 엔지니어(신입/경력),쏘카,대한민국,https://kr.indeed.com/viewjob?jk=05aa5498d84c58e1
2021 GEDP (Global Engineering Development Program),GE Appliances,경기도 성남,https://kr.indeed.com/viewjob?jk=b102b3d8f193a4c1
광학솔루션사업부 신입 석/박사 수시(R&D분야),LG이노텍,경기도 안산,https://kr.indeed.com/viewjob?jk=a54f7baa4f06f4c1
Sr Systems Administrator I,Raytheon Intelligence & Space,대한민국,https://kr.indeed.com/viewjob?jk=78f5465432356e17
Sr. Application Engineer - HAV,Mentor Graphics (Korea) LLC,경기도 성남,https://kr.indeed.com/viewjob?jk=68486bb7da29a05b
Perception Software Engineer - Autonomous Vehicles,NVIDIA,대한민국,https://kr.indeed.com/viewjob?jk=94e6b51a16f4a0f6
DGIST 2019년 제1차 계약직원 공개채용 공고,대구경북과학기술원,대구 현풍면,https://kr.indeed.com/viewjob?jk=4cd34228af5013fd
"Design Consultant, Staff",Synopsys,대한민국,https://kr.indeed.com/viewjob?jk=7e9a745cd8bdcbe3
2021년 한화시스템 방산부문 프로젝트/기간제 엔지니어 채용(상시),한화그룹,서울,https://kr.indeed.com/viewjob?jk=2b09f13b5790dd69
퀀트운용팀 (사원-대리급),신한비엔피파리바자산운용,대한민국,https://kr.indeed.com/viewjob?jk=9040dba1c8db2a5d
Data Scientist,Garrett Advancing Motion,경기도,https://kr.indeed.com/viewjob?jk=da5d4dd560fb6f85
NLP Researcher,AITRICS,서울,https://kr.indeed.com/viewjob?jk=3cf01580ba5eb23a
DBA 엔지니어,쏘카,대한민국,https://kr.indeed.com/viewjob?jk=9c4f4236ac42f224
[전문연구요원] 빅데이터 엔지니어(신입/경력),웹젠,성남 분당구,https://kr.indeed.com/viewjob?jk=44c01463235ebade
[Janssen] Data Scientist,Johnson & Johnson Family of Companies,서울,https://kr.indeed.com/viewjob?jk=4bd70fb8a220d90d
[진행중]우리은행 빅데이터사업부 전문직(데이터분석가(ML/DL)) 채용공고,우리은행,서울 회현동,https://kr.indeed.com/viewjob?jk=b2f89ae15b936d9c
2021 Global Data Internship - Seoul (Korean Speaker),Bloomberg,서울,https://kr.indeed.com/viewjob?jk=18f62dc644a89e0c
"빅데이터, Python 외 신입 정규직",주)씽크풀,서울 영등포구,https://kr.indeed.com/viewjob?jk=f91bdb1160ad64d2
Developer / Designer recruit,마이뮤직테이스트,서울 논현동,https://kr.indeed.com/viewjob?jk=55a19c92c845685e
사내 및 서비스 보안 담당자 (경력),네오위즈,대한민국,https://kr.indeed.com/viewjob?jk=cd40cf786e32f325
"Field Applications Engineer, Audio",Dolby,서울,https://kr.indeed.com/viewjob?jk=7cb5c3076d1701db
2021년 (신입) 전문연구요원 모집,NHN,성남 판교역,https://kr.indeed.com/viewjob?jk=9acc17c535b42959
Deep Learning R&D Engineer,Intel,서울,https://kr.indeed.com/viewjob?jk=a6357089799f9975
[EY한영] 금융감사본부 Data Analytics 전문 경력직 모집,Ernst & Young,대한민국,https://kr.indeed.com/viewjob?jk=e934bb33ef71dacb
Customer Engineer,Microsoft,서울,https://kr.indeed.com/viewjob?jk=7d4bc2a107c6669b
2021 Market Data Analyst - Seoul,Bloomberg,서울,https://kr.indeed.com/viewjob?jk=e8a4630bec0783e8
인프라보안,NHN,성남 판교역,https://kr.indeed.com/viewjob?jk=aa4f54d9c677fd73
Software Engineer,Google,서울,https://kr.indeed.com/viewjob?jk=e7c8c2b11f24fb43
국내카드사 DW개발/운영.,제이엔커리어,서울 서초구,https://kr.indeed.com/viewjob?jk=2ad0f62f50147fa4
소형전지사업부/기술혁신센터,삼성SDI,충청남도 천안,https://kr.indeed.com/viewjob?jk=089931931a0474d5
[Janssen] Data Scientist,Johnson & Johnson Family of Companies,서울,https://kr.indeed.com/viewjob?jk=4bd70fb8a220d90d
"빅데이터, Python 외 신입 정규직",주)씽크풀,서울 영등포구,https://kr.indeed.com/viewjob?jk=f91bdb1160ad64d2
와이에스지(스타트업) 웹 개발자,와이에스지,세종특별자치시,https://kr.indeed.com/viewjob?jk=3903a7bb4eefe576
Modem QA Contractor,聯發科技,경기도 성남,https://kr.indeed.com/viewjob?jk=bd5ce1a809ec610a
[전문연구요원] 빅데이터 엔지니어(신입/경력),웹젠,성남 분당구,https://kr.indeed.com/viewjob?jk=44c01463235ebade
Sr. Application Engineer - HAV,Mentor Graphics (Korea) LLC,경기도 성남,https://kr.indeed.com/viewjob?jk=68486bb7da29a05b
2021 Market Data Analyst - Seoul,Bloomberg,서울,https://kr.indeed.com/viewjob?jk=e8a4630bec0783e8
2021년 (신입) 전문연구요원 모집,NHN,성남 판교역,https://kr.indeed.com/viewjob?jk=9acc17c535b42959
Cross Border Ecommerce - Business Intelligence (Based in Seoul),Shopee,서울,https://kr.indeed.com/viewjob?jk=b574f1454ae36aab
Customer Engineer,Microsoft,서울,https://kr.indeed.com/viewjob?jk=7d4bc2a107c6669b
(광주취업맛집1위)2021년도 국비 기술교육생,대한상공회의소 광주인력개발원,광주 광산구,https://kr.indeed.com/viewjob?jk=b95d00f1145e5ef3
리서치분야 석사이상 경력직,케이지제로인,대한민국,https://kr.indeed.com/viewjob?jk=b602108c31558329
정보보안 담당자,Nexon,성남 분당구,https://kr.indeed.com/viewjob?jk=eeb9fe1c361f0758
"Field Applications Engineer, Audio",Dolby,서울,https://kr.indeed.com/viewjob?jk=7cb5c3076d1701db
기술연구소 (AI연구 및 Python개발 / 드론 영상처리),선영종합엔지니어링,고양 덕양구,https://kr.indeed.com/viewjob?jk=c130ad24ffc25b72
OPC Applications Engineer,Synopsys,경기도 성남,https://kr.indeed.com/viewjob?jk=28b676c81d7ef247
"금융 데이터 분석 엔진, 로보어드바이저 개발자",에스비씨엔,서울 영등포구,https://kr.indeed.com/viewjob?jk=649ccf047c868778
DGIST 제2차 계약직 연구원 채용공고,대구경북과학기술원,대구 현풍면,https://kr.indeed.com/viewjob?jk=2cfd15907402c5cc
[김해 포스트코로나 청년일자리 지원 사업] 2021년 (주)디앤알팩토리 소프트웨어 엔지니어 직원,디앤알팩토리,경상남도 김해,https://kr.indeed.com/viewjob?jk=f0b26e01bccd1591
"데이터 분석 및 컨설팅 분야 (Python, SAS, 빅데이터) 경력직",한국정보기술단,과천 과천시,https://kr.indeed.com/viewjob?jk=9fe4755841bec8ce
Data Analytics SA,Amazon Web Services Korea LLC,서울,https://kr.indeed.com/viewjob?jk=9a818d9d91db847d
"Systems Engineer, Ground Truth Automation",NVIDIA,서울,https://kr.indeed.com/viewjob?jk=194bbf20319d9f24
[TmaxTibero/기술] DBMS 제품 QA 신입 및 경력,티맥스소프트,성남 분당구,https://kr.indeed.com/viewjob?jk=5427e21e463b7e42
[김해 포스트코로나 청년일자리 지원 사업] 202... 월급 230만원,주식회사 디앤알팩토리,경상남도 김해,https://kr.indeed.com/viewjob?jk=8be11b83218d6d67
[대기업 그룹 IT 리딩기업]- AI 직무관련 다수 [과장급이상/처우최상수준으로 진행],yesconsulting,서울 종로구,https://kr.indeed.com/viewjob?jk=dc029852eaddcc42
데이터 분석가 모집,카카오,성남 판교역,https://kr.indeed.com/viewjob?jk=092d062a6faa7139
2019 Military Service Exemption Position Available at the IBS CMCM (Synthetic Organic/Polymer Chemistry OR Theoretical Study of Carbon and Related Materials),울산과학기술원,울산 언양읍,https://kr.indeed.com/viewjob?jk=8becbf73bbda7c96
Datacenter Engineer (강원도 춘천 근무),Oracle,서울,https://kr.indeed.com/viewjob?jk=fd4cb07161910b14
MI(Market Intelligence)담당 마케팅 전략 경력사원,LG전자,서울 영등포구,https://kr.indeed.com/viewjob?jk=54e0d08c99dcf507
KAIST 문화기술연구소 비주얼미디어연구실(노준용 교수) 연수연구원 및 위촉연구원 모집 공고,카이스트,대전 유성구,https://kr.indeed.com/viewjob?jk=4f6f0ff39ad1cb48
AI/빅데이터/클라우드 분야 (인재 Pool),LG유플러스,서울,https://kr.indeed.com/viewjob?jk=be95b5718905880f
석유화학사업본부 DX(Digital Transformation)분야 경력사원 (설비관리/생산최적화/AI),LG화학,서울 영등포구,https://kr.indeed.com/viewjob?jk=8bf450b32fd92156
"고등광기술연구소 레이저응용시스템연구실 박사후연구원, 위촉연구원",광주과학기술원,광주 북구,https://kr.indeed.com/viewjob?jk=05a8e481d9859e2c
NAVER IDC 서버 운영/관리,NIT Service,춘천 동면,https://kr.indeed.com/viewjob?jk=18b288e9021d899f
데이터 분야 경력,LG CNS,서울,https://kr.indeed.com/viewjob?jk=010d38b18b07b6bb
국내카드사 DW개발/운영.,제이엔커리어,서울 서초구,https://kr.indeed.com/viewjob?jk=2ad0f62f50147fa4
"웹개발, Python 외 신입/경력 계약직",쿠바로엠앤씨,서울 강서구,https://kr.indeed.com/viewjob?jk=84fd9f9deb6105b0
파이썬 신입 개발자 (정규직),쇼엠,인천 연수구,https://kr.indeed.com/viewjob?jk=144c42a3c09caa9b
각 분야별 인재 Pool 등록,지투알,서울,https://kr.indeed.com/viewjob?jk=e631d46f39019d13
Field AI Engineer,Graphcore,서울,https://kr.indeed.com/viewjob?jk=9e1861e691426a98
데이터 사이언티스트 모집,카카오,성남 판교역,https://kr.indeed.com/viewjob?jk=0064deb5fa9cbce0
Business Data Analyst,PUBG,서울,https://kr.indeed.com/viewjob?jk=5fabc892216e1c62
VPS Application Engineer - HAV,Mentor Graphics (Korea) LLC,경기도 성남,https://kr.indeed.com/viewjob?jk=f4750c486cc78516
백엔드 개발자,스포카,서울 강남구,https://kr.indeed.com/viewjob?jk=d7aaaa2b192f4d94
추천 시스템 소프트웨어 엔지니어,카카오,성남 판교역,https://kr.indeed.com/viewjob?jk=07375dc4e800dfa9
전문연구요원 (병역특례) 수시 (AI / HW 분야),딥엑스,성남 분당구,https://kr.indeed.com/viewjob?jk=78e99625e5de3c95
[우수훈련기관]전액무료 IT교육받고 취업하자,휴먼교육센터,청주 흥덕구,https://kr.indeed.com/viewjob?jk=8188fd96cce5bddc
"데이터 가치를 함께 발굴하실 머신러닝, 통계 모델링 전문가 모집",카카오,성남 판교역,https://kr.indeed.com/viewjob?jk=d1e75364ef505c68
"웹개발, 백엔드 외 경력 정규직",아이티엔제이,울산 남구,https://kr.indeed.com/viewjob?jk=7dbaa95d22eacd29
Data Engineer(신입),PUBG,서울,https://kr.indeed.com/viewjob?jk=210243e0776dc26f
21년 전문연구요원 (AI엔지니어),Nexon,성남 분당구,https://kr.indeed.com/viewjob?jk=69ab0f58743cb713
데이터 사이언티스트 모집,카카오,성남 판교역,https://kr.indeed.com/viewjob?jk=0064deb5fa9cbce0
"데이터 가치를 함께 발굴하실 머신러닝, 통계 모델링 전문가 모집",카카오,성남 판교역,https://kr.indeed.com/viewjob?jk=d1e75364ef505c68
NAVER IDC 서버 운영/관리,NIT Service,춘천 동면,https://kr.indeed.com/viewjob?jk=18b288e9021d899f
백엔드 개발자,스포카,서울 강남구,https://kr.indeed.com/viewjob?jk=d7aaaa2b192f4d94
(수정)동국대학교 데이터분석팀 일반연구원(계약직) 채용,동국대학교,서울 필동,https://kr.indeed.com/viewjob?jk=6bf25be7270a4108
Staff Field Application Engineer,Dolby,서울,https://kr.indeed.com/viewjob?jk=dee1c9e840dc5691
[Search] 네이버/LINE 지역검색 및 추천 서비스 개발 신입/경력,네이버,서울,https://kr.indeed.com/viewjob?jk=85289ba67bb1634d
데이터 사이언스(데이터 모델링 및 추천 모델링),NHN,성남 판교역,https://kr.indeed.com/viewjob?jk=da5c549bf1a76ded
2019 Military Service Exemption Position Available at the IBS CMCM (Synthetic Organic/Polymer Chemistry OR Theoretical Study of Carbon and Related Materials),울산과학기술원,울산 언양읍,https://kr.indeed.com/viewjob?jk=8becbf73bbda7c96
Business Data Analyst,PUBG,서울,https://kr.indeed.com/viewjob?jk=5fabc892216e1c62
여행플랫폼 스타트업 찾습니다.,휴플,제주 제주시,https://kr.indeed.com/viewjob?jk=133c413d439266b8
카카오 데이터의 가치를 발굴할 데이터 분석가 모집,카카오,성남 판교역,https://kr.indeed.com/viewjob?jk=2b2dcd3ffe3d53df
PostgreSQL 운영 및 데이터베이스 관리자 모집,카카오,성남 판교역,https://kr.indeed.com/viewjob?jk=c39d18040425ef53
Customer Operations Engineering Manager,Success Korea,대한민국,https://kr.indeed.com/viewjob?jk=8a15326f80e07c08
Data Scientist,Toss,서울 강남구,https://kr.indeed.com/viewjob?jk=7af6301dc691d3ab
"웹개발, Python 외 신입/경력 계약직",쿠바로엠앤씨,서울 강서구,https://kr.indeed.com/viewjob?jk=84fd9f9deb6105b0
[L'Oreal Korea] IT Business Analyst,L'Oreal,서울,https://kr.indeed.com/viewjob?jk=db26147e9223e38a
"웹개발, 백엔드 외 경력 정규직",아이티엔제이,울산 남구,https://kr.indeed.com/viewjob?jk=7dbaa95d22eacd29
기술연구소 (AI연구 및 Python개발 / 드론 영상처리),선영종합엔지니어링,고양 덕양구,https://kr.indeed.com/viewjob?jk=c130ad24ffc25b72
추천 시스템 연구/개발,카카오,성남 판교역,https://kr.indeed.com/viewjob?jk=be6c1f03fa566f8e
[우수훈련기관]전액무료 IT교육받고 취업하자,휴먼교육센터,청주 흥덕구,https://kr.indeed.com/viewjob?jk=8188fd96cce5bddc
리서치분야 경력직,케이지제로인,대한민국,https://kr.indeed.com/viewjob?jk=2238a8f7a38080f3
Sr. Manager for Logistics digital transformation,Thermo Fisher Scientific,서울,https://kr.indeed.com/viewjob?jk=18ed6f92a291d134
[Search] 네이버 검색시스템 DevOps 신입 개발자,네이버,서울,https://kr.indeed.com/viewjob?jk=515cf3cc8bff3ed4
Internship Opportunity with Green Growth Performance Measurement (Transport),Global Green Growth Institute,서울,https://kr.indeed.com/viewjob?jk=c4df94a9f15d671b
신사업추진 연구(보조)원,에너밸리,광주 북구,https://kr.indeed.com/viewjob?jk=e589aeb5e431aa03
[개발자] 꿈 찾아드립니다. 저희와 함께하세요,ICON,서울 강남구,https://kr.indeed.com/viewjob?jk=206550813b58865d
추천 통계분석/데이터사이언티스트,카카오,성남 판교역,https://kr.indeed.com/viewjob?jk=bfe0f5ac4f32ec89
[상시 ] Data Scientist (대리급/과-차장급/정규직),라이나생명보험,서울 종로구,https://kr.indeed.com/viewjob?jk=e9ac1a8708b8e784
DGIST 제2차 계약직 연구원 채용공고,대구경북과학기술원,대구 현풍면,https://kr.indeed.com/viewjob?jk=2cfd15907402c5cc
(주)케이피엔 2021년 상반기 - 웹 개발,케이피엔,성남 분당구,https://kr.indeed.com/viewjob?jk=39371de8f58f18d5
자율주행연구팀 연구사원 (신입/경력),소네트,대구 달성군,https://kr.indeed.com/viewjob?jk=02bcd7b6412d1db9
게임이상탐지 분석/개발,Nexon,성남 분당구,https://kr.indeed.com/viewjob?jk=4ec305f59ce64060
[인재풀] 아티스트,Electronic Arts,서울,https://kr.indeed.com/viewjob?jk=aac8e9355cb855ac
한화손해보험_디지털전략팀 경력 채용,한화그룹,서울,https://kr.indeed.com/viewjob?jk=a7e7823c3f0ad866
qe 소프트웨어 엔지니어,에이치알 코리아,대한민국,https://kr.indeed.com/viewjob?jk=85687b250386c4be
"MVP 개발 엔지니어(서버, 웹프론트) (정규직, 계약직, 프리랜서)",더테스터,대전 중구,https://kr.indeed.com/viewjob?jk=1748baa27965fdbf
Security Engineer (모의해킹/취약점 점검),Toss,서울 강남구,https://kr.indeed.com/viewjob?jk=b1b1b1e754bccf6b
Advanced Support Engineer / Cloud Expert,Oracle,서울,https://kr.indeed.com/viewjob?jk=05b7596f44f7da50
eBeam System Engineer for R&D Extension Korea,Applied Materials Inc.,경기도 화성,https://kr.indeed.com/viewjob?jk=25a21ebfa5410f05
[Biz] 광고 공통플랫폼 Data Engineer/DMP Engineer 경력사원,네이버,서울,https://kr.indeed.com/viewjob?jk=82d3ee89cf6b7fb3
데이터 분석/처리 플랫폼 개발,NHN,성남 판교역,https://kr.indeed.com/viewjob?jk=46975ee759c13b8a
클라우드 오퍼레이션 엔지니어,NHN SOFT,성남 판교역,https://kr.indeed.com/viewjob?jk=8bcc7807085700a7
[어니컴(주)] 데이터 분석가 신입/경력,어니컴,서울 용산구,https://kr.indeed.com/viewjob?jk=c8d13289019f260f
8퍼센트 개발자 (신입/경력),8퍼센트,서울 종로구,https://kr.indeed.com/viewjob?jk=8af26b37623864c4
"[대성] 개발자 채용 | 앱개발,Java,Python,objective",대성 관심기업,전주 팔복동,https://kr.indeed.com/viewjob?jk=5d4ef5faadd96b30
Data Scientist(CSS 모델링),Toss,서울 강남구,https://kr.indeed.com/viewjob?jk=3933762f9f06df56
"21년 1분기 기술연구소(S/W, H/W, F/W, FPGA 개발) 채용공고",큐알티,이천 부발읍,https://kr.indeed.com/viewjob?jk=7439487de17e51ee
Security Engineer (취약점 분석),Toss,서울 강남구,https://kr.indeed.com/viewjob?jk=96688eea9c1a9e28
FPGA 플랫폼 엔지니어 (딥러닝 하드웨어 프로세서 개발),딥엑스,성남 분당구,https://kr.indeed.com/viewjob?jk=e5448ffc7d6ecf02
시스템 엔지니어링,NHN,성남 판교역,https://kr.indeed.com/viewjob?jk=5cb14c0712a6c4c1
머신러닝 개발자 모집,넷마블,서울 구로구,https://kr.indeed.com/viewjob?jk=481f953ccaa4bc96
Senior Analyst - Data Analytics,McKinsey & Company,서울,https://kr.indeed.com/viewjob?jk=cfc6c4d6a4cd83bd
메시지발송 플랫폼 개발자,Nexon,성남 분당구,https://kr.indeed.com/viewjob?jk=eaee1538d8cc832f
Data Specialist (Scientist&&Engineer),아우름플래닛,서울 마포구,https://kr.indeed.com/viewjob?jk=dd4d8e59a4a9265d
퍼즐데이터 역량있는 데이터 분석가,주식회사퍼즐데이터,서울 역삼동,https://kr.indeed.com/viewjob?jk=116009dbf59211ed
이공계 전문기술 연수사업 수강생,경기도경제과학진흥원,서울,https://kr.indeed.com/viewjob?jk=60d03da8a3724068
"Software Engineer, Machine Learning",Google,서울,https://kr.indeed.com/viewjob?jk=4f319862856fe9c1
현대무벡스 경력사원 상시,현대무벡스,서울 종로구,https://kr.indeed.com/viewjob?jk=d4c52ba1a491a8b9
"Systems Engineer, Ground Truth Automation",NVIDIA,서울,https://kr.indeed.com/viewjob?jk=194bbf20319d9f24
Korea ODP Cloud Engineer Customer Experience,Oracle,대한민국,https://kr.indeed.com/viewjob?jk=d90a0666c61d6651
"Applications Engineer (P&R, physical design)",Synopsys,서울,https://kr.indeed.com/viewjob?jk=8ad8f768cd99afcf
Application Engineer ( Silicondash),Synopsys,서울,https://kr.indeed.com/viewjob?jk=3c516818303c4d51
(주)넷타겟 연구원 (웹프론트엔드 개발자),넷타겟,대전 유성구,https://kr.indeed.com/viewjob?jk=0feb2770202a5be1
[웹젠] 게임보안(경력),웹젠,성남 분당구,https://kr.indeed.com/viewjob?jk=dd225d5ae97842c0
매칭 데이터분석,Nexon,성남 분당구,https://kr.indeed.com/viewjob?jk=15edcadd124ad99a
Data Analyst,Toss,서울 강남구,https://kr.indeed.com/viewjob?jk=e393fa440b668be7
"Manager Consumer Data Seoul, South Korea Consumer",Philip Morris International,서울,https://kr.indeed.com/viewjob?jk=9a79000f44a1e214
데이터 사이언티스트를 지향하는 데이터 엔지니어 모집,카카오,성남 판교역,https://kr.indeed.com/viewjob?jk=385c58c7ced1d77b
기후 분석&모델링연구실 시간제연구원,광주과학기술원,광주 북구,https://kr.indeed.com/viewjob?jk=78d1ec77f4a5e0dc
Machine Learning Software Engineer - Embedded-AI-Framework,Qualcomm Korea YH,서울,https://kr.indeed.com/viewjob?jk=b1376913a965e740
Solutions Engineer,f5,서울,https://kr.indeed.com/viewjob?jk=661a80939b1acd30
Internal Infra Engineer,Toss,서울 강남구,https://kr.indeed.com/viewjob?jk=741cc6ac364ea9be
Field Data Scientist,Success Korea,경기도,https://kr.indeed.com/viewjob?jk=2892c67308e87f01
시스템 엔지니어,아프리카TV,경기도 성남,https://kr.indeed.com/viewjob?jk=9dad04b0ae0c86d7
고등광기술연구소 전문연구요원,광주과학기술원,광주 북구,https://kr.indeed.com/viewjob?jk=7c19ff88836f8869
[Biz] 버티컬 서비스(여행/Flyer) & 광고플랫폼 FE/BE 개발 경력사원,네이버,서울,https://kr.indeed.com/viewjob?jk=93c307b1bbc3fa17
Sr. Software Development Engineer,Mentor Graphics (Korea) LLC,경기도 성남,https://kr.indeed.com/viewjob?jk=914578ba5310e818
TOAST Cloud 사업기획/영업,NHN,성남 판교역,https://kr.indeed.com/viewjob?jk=6b86ea39985912b6
데이터 분석,아프리카TV,경기도 성남,https://kr.indeed.com/viewjob?jk=7fdcd7a7457b1e93
DGIST 동반진단의료기술융합연구실 계약직 연구원 공개 초빙 공고,대구경북과학기술원,대구 현풍면,https://kr.indeed.com/viewjob?jk=cb32ed51c4e0c7ad
테크빌더팀 웹어플리케이션 개발자 (백앤드/프론트앤드),Nexon,성남 분당구,https://kr.indeed.com/viewjob?jk=9d9f5827c98272c9
클라우드 인프라 운영 담당자 모집,넷마블,서울 구로구,https://kr.indeed.com/viewjob?jk=bcd2f0630e298aa3
데이터 엔지니어 및 사이언티스트,카카오,성남 판교역,https://kr.indeed.com/viewjob?jk=d8a8869ab092f731
카카오톡 안티어뷰징을 위한 데이터/백엔드 엔지니어 및 머신러닝 전문가 모집,카카오,성남 판교역,https://kr.indeed.com/viewjob?jk=9ab2041ab3380a21
Staff RFFE Production Test Engineer,Qualcomm Korea RFFE Limited,서울,https://kr.indeed.com/viewjob?jk=eed3a8831600f82e
Business Data Analyst,Soomgo,서울 강남구,https://kr.indeed.com/viewjob?jk=166aa0c72e94a266
Senior Data Scientist,Boston Consulting Group,서울,https://kr.indeed.com/viewjob?jk=77dfad5a778a94c2
DevOps Engineer,Toss,서울 강남구,https://kr.indeed.com/viewjob?jk=5d2bbe4c649db4f4
Senior Solutions Engineer,Confluent,서울,https://kr.indeed.com/viewjob?jk=6a399a2c059ebbb1
DGIST 계약직 연구원 및 일반직원 초빙 공고,대구경북과학기술원,대구 현풍면,https://kr.indeed.com/viewjob?jk=65da831cb9d5a6b5
블록체인인터넷경제연구센터 위촉연구원,광주과학기술원,광주 북구,https://kr.indeed.com/viewjob?jk=3e80435be74cd28f
"Java, Python 영상툴 개발자",에이아이메이커,서울 마곡동,https://kr.indeed.com/viewjob?jk=cae2de07045cfb2b
머신러닝 개발,Nexon,성남 분당구,https://kr.indeed.com/viewjob?jk=a1d687cd59776360
System Engineer,Toss,서울 강남구,https://kr.indeed.com/viewjob?jk=80dea8b8353c3ee0
[단기계약직] 인공지능 기술 개발을 위한 언어 데이터 구축자 모집,엔씨소프트,성남 판교역,https://kr.indeed.com/viewjob?jk=9ccd0db79695e27e
지스트 블록체인경제센터 계약직연구원,광주과학기술원,광주 북구,https://kr.indeed.com/viewjob?jk=a7c68eba65a950aa
TOAST Cloud 운영 및 기술지원,NHN,성남 판교역,https://kr.indeed.com/viewjob?jk=ad07d6a330fb619a
DevOps Engineer,Toss,서울 강남구,https://kr.indeed.com/viewjob?jk=5d2bbe4c649db4f4
데이터 사이언스 전문가 및 머신러닝 전문가 모집,카카오,성남 판교역,https://kr.indeed.com/viewjob?jk=85929aac498299cc
인간중심 지능형 시스템 연구실 위촉연구원,광주과학기술원,광주 북구,https://kr.indeed.com/viewjob?jk=2485e93043545d8a
Account Executive - Korea,Mistplay,서울,https://kr.indeed.com/viewjob?jk=72abb40412824104
Senior Solutions Engineer,Confluent,서울,https://kr.indeed.com/viewjob?jk=6a399a2c059ebbb1
Cloud Solution Architect,Microsoft,서울,https://kr.indeed.com/viewjob?jk=d146cfe5dea6a5fa
Internal Infra Engineer,Toss,서울 강남구,https://kr.indeed.com/viewjob?jk=741cc6ac364ea9be
Linux/Python/PHP/MySQL/백엔드 정규직 경력,일루미나리안,용인 보정동,https://kr.indeed.com/viewjob?jk=04d685fc70b67d4e
데이터 분석,아프리카TV,경기도 성남,https://kr.indeed.com/viewjob?jk=7fdcd7a7457b1e93
Principal Solutions Integration Developer,Nuance,서울,https://kr.indeed.com/viewjob?jk=1d4c2abef41ff459
카카오톡 안티어뷰징을 위한 데이터/백엔드 엔지니어 및 머신러닝 전문가 모집,카카오,성남 판교역,https://kr.indeed.com/viewjob?jk=9ab2041ab3380a21
Infra Software Engineer,Toss,서울 강남구,https://kr.indeed.com/viewjob?jk=f97d8d627c3d7362
[대구] 빅데이터 개발 연구원,드림아이디어소프트,대구 동구,https://kr.indeed.com/viewjob?jk=623d7d0a12068235
Data Scientist(CSS 모델링),Toss,서울 강남구,https://kr.indeed.com/viewjob?jk=3933762f9f06df56
클라우드 인프라 운영 담당자 모집,넷마블,서울 구로구,https://kr.indeed.com/viewjob?jk=bcd2f0630e298aa3
블록체인 노드 DevOps(구축 및 운영) 담당자 (경력),네오위즈,대한민국,https://kr.indeed.com/viewjob?jk=6b65e8aeb42661de
보안 모니터링 시스템 개발 및 운영 담당자 모집,카카오,성남 판교역,https://kr.indeed.com/viewjob?jk=d13fce11058e6cf1
애플리케이션 보안컨설팅,NHN,성남 판교역,https://kr.indeed.com/viewjob?jk=fce04ed9777c8bed
Healthcare Real World Data Analyst 담당자,IQVIA,서울,https://kr.indeed.com/viewjob?jk=a746de9c7a6168ef
Associate Solutions Architect,Amazon Web Services Korea LLC,서울,https://kr.indeed.com/viewjob?jk=d53c1e2dbb7cf02c
Sr. Software Development Engineer,Mentor Graphics (Korea) LLC,경기도 성남,https://kr.indeed.com/viewjob?jk=914578ba5310e818
[카카오 클라우드]DBaaS(DataBase As A Service) 개발자 모집,카카오,성남 판교역,https://kr.indeed.com/viewjob?jk=0c32e6464cad3b0a
지스트 블록체인인터넷경제연구센터 계약직(박사급 연구원),광주과학기술원,광주 북구,https://kr.indeed.com/viewjob?jk=7609462290636e5d
"드론 데이터 스타트업, 엔젤스윙 엔지니어",엔젤스윙,서울 관악구,https://kr.indeed.com/viewjob?jk=d017610d9828199c
[웹젠] 게임보안(경력),웹젠,성남 분당구,https://kr.indeed.com/viewjob?jk=dd225d5ae97842c0
머신러닝 엔지니어 모집,카카오,성남 판교역,https://kr.indeed.com/viewjob?jk=269f9a96319ef19a
테크빌더팀 웹어플리케이션 개발자 (백앤드/프론트앤드),Nexon,성남 분당구,https://kr.indeed.com/viewjob?jk=9d9f5827c98272c9
자연어처리전문가 금융챗봇 만들어 갈 엔지니어,파운트,서울 충정로역,https://kr.indeed.com/viewjob?jk=a50fce6cc2cb57c9
백엔드 파운트 시스템 엔지니어 (현재 급여수준 이상 보장),파운트,서울 충정로역,https://kr.indeed.com/viewjob?jk=d6c05c588971df5a
머신러닝 개발,Nexon,성남 분당구,https://kr.indeed.com/viewjob?jk=a1d687cd59776360
Internship Opportunity with Green Growth Performance Measurement (Transport),Global Green Growth Institute,서울,https://kr.indeed.com/viewjob?jk=c4df94a9f15d671b
Mid-Market Sales Engineer,DataDog,서울,https://kr.indeed.com/viewjob?jk=52a593e64d404756
퍼즐데이터 역량있는 데이터 분석가,주식회사퍼즐데이터,서울 역삼동,https://kr.indeed.com/viewjob?jk=116009dbf59211ed
신한AI 인공지능(AI) 인력,신한에이아이,서울 영등포구,https://kr.indeed.com/viewjob?jk=a2b8aae664300392
"하드웨어, 소프트웨어 외 신입/경력 정규직",유닉트,경기도 양주,https://kr.indeed.com/viewjob?jk=7639fede84396f4a
NAVER IDC 서버 운영/관리,엔아이티서비스,성남 삼평동,https://kr.indeed.com/viewjob?jk=c8fc2a94027ecaa2
TOAST Cloud 사업기획/영업,NHN,성남 판교역,https://kr.indeed.com/viewjob?jk=6b86ea39985912b6
금융IT(UI/UX개발) 인재,에셋플러스자산운용,대한민국,https://kr.indeed.com/viewjob?jk=04751aa927de1b32
(주)에이테크와 함께할 솔루션 개발팀장/파트장,에이테크,울산 중구,https://kr.indeed.com/viewjob?jk=5702c02123c8bd42
Analytics Specialist,MightyHive,서울,https://kr.indeed.com/viewjob?jk=419692b3ddb34768
차세대 광-무선 가입자망 연구센터 연구전담교수,광주과학기술원,광주 북구,https://kr.indeed.com/viewjob?jk=05439002712f8135
FPGA 플랫폼 엔지니어 (딥러닝 하드웨어 프로세서 개발),딥엑스,성남 분당구,https://kr.indeed.com/viewjob?jk=e5448ffc7d6ecf02
Software Architecture 설계 엔지니어,딥엑스,성남 분당구,https://kr.indeed.com/viewjob?jk=7df915e1f0f86b2d
Security Engineer (모의해킹),Toss,서울 강남구,https://kr.indeed.com/viewjob?jk=0b03d57e900ac140
위시켓과 함께할 서버개발자님,위시켓,서울 강남구,https://kr.indeed.com/viewjob?jk=a3a65a4d59061430
빅데이터 분석(머신러닝/딥러닝) 컨설턴트 정규직,디앤아이컨설팅,서울 동대문구,https://kr.indeed.com/viewjob?jk=e7cc2dd53f8b03b7
현대무벡스 경력사원 상시,현대무벡스,서울 종로구,https://kr.indeed.com/viewjob?jk=d4c52ba1a491a8b9
정보전략 담당자 모집,넷마블,서울 구로구,https://kr.indeed.com/viewjob?jk=70767c5d54149524
System SW 엔지니어,딥엑스,성남 분당구,https://kr.indeed.com/viewjob?jk=fc037709d0770796
카카오 광고 서비스 알고리즘 및 시스템 개발,카카오,성남 판교역,https://kr.indeed.com/viewjob?jk=afe92c03320fe1b3